time,E_pot,E_kin,T
0.0,-1164.3490018742332,395.89904189007746,1.03098708825541
0.01,-1163.9703556306108,366.0722725014349,0.9533132096391533
0.02,-1164.094431080076,331.81334051879,0.864097240934349
0.03,-1164.0832839662723,372.67625952436276,0.9705110925113614
0.04,-1164.0484688579722,364.86654639890924,0.9501732979138261
0.05,-1163.2262886533276,389.3214074109602,1.0138578317993756
0.06,-1162.946789722273,367.15437763318414,0.9561311917530837
0.07,-1163.142812400002,395.8387572830525,1.0308300970912825
0.08,-1163.0947392840035,385.921550289375,1.005004037211914
0.09,-1162.9425842222438,397.6763703608327,1.0356155478146685
0.1,-1163.4559423767453,379.06403404862647,0.9871459220016314
0.11,-1163.5840921982895,386.74323573123115,1.0071438430500812
0.12,-1162.1920926001471,395.3978100548207,1.0296817970177623
0.13,-1161.4803993003343,366.1960258527148,0.9536354839914448
0.14,-1160.5237871866557,376.4695461178245,0.980389443015168
0.15,-1159.0829869675995,376.113589027784,0.9794624714265208
0.16,-1158.9583352237505,391.6313693592932,1.0198733577064927
0.17,-1158.3696907068856,393.38785246514135,1.0244475324613056
0.18,-1158.0389214358192,393.15747114976904,1.0238475811191903
0.19,-1157.8920709024287,388.2052698399232,1.0109512235414666
0.2,-1156.279627533026,423.73873719322864,1.103486294774033
0.21,-1155.2516481817347,407.0974849819083,1.0601497004737195
0.22,-1153.5445162758583,380.143604186824,0.9899573025698541
0.23,-1151.70124985741,376.9827009831783,0.9817257838103601
0.24,-1148.7782007028807,371.2997593417067,0.9669264566190279
0.25,-1145.81251216526,339.1338043192094,0.8831609487479412
0.26,-1143.1029592418167,376.1888955235918,0.979658582092687
0.27,-1140.1501088641446,388.41188208084156,1.0114892762521916
0.28,-1138.3142065628613,414.0737669557085,1.0783171014471575
0.29,-1136.8849191475688,415.33203365232396,1.0815938376362604
0.3,-1135.8806409913625,405.0415892877602,1.0547958054368756
0.31,-1136.99202445408,409.78264051868143,1.0671422930173995
0.32,-1137.080614596101,384.6079054754109,1.0015830871755493
0.33,-1137.12818910649,353.098310158932,0.9195268493722187
0.34,-1138.373680546379,330.71857774706257,0.8612462962163088
0.35000000000000003,-1138.8975343884877,348.45646962562853,0.9074387229834077
0.36,-1138.6751837447746,338.8511945432714,0.8824249857897692
0.37,-1136.9511770035697,377.6138233025831,0.9833693315171436
0.38,-1136.5316422093524,362.40580069389136,0.9437651059736755
0.39,-1135.5827518904541,356.21853277985565,0.9276524291142074
0.4,-1134.2431619695074,368.10719809042087,0.9586124950271376
0.41000000000000003,-1133.7723068539426,385.5574329304352,1.0040558149230083
0.42,-1131.829988930272,418.72898383860945,1.0904400620797121
0.43,-1127.9892296777325,393.03642567734994,1.0235323585347655
0.44,-1126.966146709498,381.7944259143012,0.9942563174851594
0.45,-1126.9007643993077,367.30604439864874,0.9565261572881477
0.46,-1127.2189466061145,379.09099283595776,0.9872161271769734
0.47000000000000003,-1126.2431241227664,377.1553071746359,0.9821752791006143
0.48,-1126.9548878170758,388.06420188978643,1.0105838590879854
0.49,-1128.2076480471485,377.20574380837513,0.9823066245009769
0.5,-1128.7987785549983,377.9973073292338,0.9843679878365464
0.51,-1129.3343684297652,379.8202317455027,0.9891151868372466
0.52,-1127.6591938761808,388.1285386385646,1.0107514027045952
0.53,-1128.5647130019377,377.68772319774837,0.983561779160803
0.54,-1127.715896829456,387.0779344557893,1.0080154543119513
0.55,-1124.783357301453,369.8872371117984,0.9632480133119751
0.56,-1122.4940191007358,380.30382494725234,0.9903745441334696
0.5700000000000001,-1122.783014455826,364.8992698713038,0.9502585152898536
0.58,-1120.5237349353915,378.55660222885837,0.9858244849709853
0.59,-1119.9533506832754,390.15905687165974,1.0160392106032805
0.6,-1116.824128265888,352.76178330466075,0.9186504773558873
0.61,-1114.57520029871,404.0664274891358,1.052256321586291
0.62,-1114.4575485615997,352.7196891795933,0.9185408572385242
0.63,-1115.3518155133665,379.1465450459506,0.9873607943904963
0.64,-1117.3425743850748,403.31075487723126,1.0502884241594563
0.65,-1117.463155725735,366.5101167929993,0.9544534291484358
0.66,-1118.1397553208467,369.02465885939625,0.9610017157796777
0.67,-1116.0773946581353,358.3428021914546,0.933184380706913
0.68,-1114.9909038601972,368.8604862382337,0.960574182912067
0.6900000000000001,-1115.41667031148,341.3716284093505,0.8889886156493502
0.7000000000000001,-1115.4726197432988,381.8066256135827,0.9942880875353716
0.71,-1111.028128217804,387.9461381272612,1.010276401373076
0.72,-1106.6307830646297,362.5621247169357,0.9441721997836868
0.73,-1104.2452508709657,388.8251444773822,1.0125654804098494
0.74,-1102.1831731473922,427.46017056139567,1.1131775275036346
0.75,-1103.0031490730094,399.3858343226632,1.0400672768819355
0.76,-1106.2090499872074,406.74694352900633,1.0592368321067873
0.77,-1105.6768171585168,376.3174773498024,0.9799934305984438
0.78,-1103.4382600994668,406.19253165227167,1.0577930511777909
0.79,-1100.7361340897987,408.82700319669067,1.0646536541580487
0.8,-1100.0841209579053,393.897970332242,1.0257759644068802
0.81,-1099.01342045731,366.5378400811392,0.9545256252113
0.8200000000000001,-1099.548460594492,392.22347523177893,1.0214153000827577
0.8300000000000001,-1098.2063125283157,393.99152277104884,1.0260195905496063
0.84,-1094.6570181799268,404.5564501865492,1.0535324223608054
0.85,-1091.4822507820356,395.2428705221803,1.0292783086515112
0.86,-1089.2357805978481,363.18686548517877,0.945799128867653
0.87,-1089.0726853635983,402.48855789694056,1.0481472861899495
0.88,-1090.1610512278248,412.2790007622982,1.0736432311518183
0.89,-1089.21545850346,397.0099247191663,1.0338800122894956
0.9,-1087.1482563929958,393.38840850313954,1.024448980476926
0.91,-1085.1642853191902,354.89415938861964,0.9242035400745303
0.92,-1083.6107443953615,367.97934161393914,0.9582795354529665
0.93,-1082.7137336973192,351.5492448370097,0.9154928250963795
0.9400000000000001,-1082.9373311701097,372.1512627064061,0.9691439132979326
0.9500000000000001,-1082.4736095205435,350.4209913630204,0.9125546650078656
0.96,-1083.7156387798123,412.32932598202353,1.0737742864115196
0.97,-1085.4860597312131,371.11129529125583,0.9664356648209788
0.98,-1082.3497210863788,384.6996821807006,1.0018220890122411
0.99,-1078.6449860921043,365.7281055425144,0.9524169415169647
1.0,-1075.3607414589098,355.8574048659517,0.9267119918384159
1.01,-1079.4175160583081,404.9465397748061,1.0545482806635575
1.02,-1082.2627698703338,367.10378835313816,0.9559994488362973
1.03,-1088.0202284852467,405.6868553777624,1.0564761858795897
1.04,-1092.659331827098,395.4231601953276,1.0297478130086657
1.05,-1093.282880243617,355.6547924770289,0.9261843554089294
1.06,-1090.0489347951611,394.2300242677089,1.0266406881971586
1.07,-1090.4584079684414,367.1148767324195,0.956028324824009
1.08,-1091.417614151765,387.68145609665424,1.0095871252517037
1.09,-1090.4067202645876,395.16409037534504,1.0290731520191276
1.1,-1093.1805130070607,384.15381594840403,1.0004005623656356
1.11,-1094.350658483201,393.9557759801065,1.025926499948194
1.12,-1093.6311295290727,366.70412042365194,0.9549586469365936
1.1300000000000001,-1090.9841769788857,365.4187160161301,0.9516112396253388
1.1400000000000001,-1088.5538603917212,391.3032423986168,1.0190188604130646
1.1500000000000001,-1086.3360819756235,408.8597803310997,1.0647390112789055
1.16,-1082.9444594736233,355.0777787596323,0.9246817155198758
1.17,-1082.7984166826946,402.1567774868123,1.0472832747052403
1.18,-1083.0685545157976,382.0485672383237,0.9949181438498013
1.19,-1081.6996059028365,356.3296324575688,0.9279417511915854
1.2,-1077.478229119863,376.98369260897937,0.9817283661692171
1.21,-1074.43218406388,366.1380862927658,0.9534845997207443
1.22,-1068.9576809524967,407.4835947504354,1.0611551946625921
1.23,-1067.585556410147,405.9307842338949,1.0571114172757679
1.24,-1066.8396107761096,390.74077863110915,1.0175541110185133
1.25,-1064.7053688259036,408.10032879659104,1.062761272907789
1.26,-1061.939680196368,390.42119483134735,1.0167218615399671
1.27,-1062.959477667978,366.84743974891643,0.9553318743461365
1.28,-1066.4184895772864,384.4874045451926,1.0012692826697724
1.29,-1070.4274713949612,374.5774145019064,0.9754620169320479
1.3,-1074.5692331656132,385.4665362828249,1.00381910490319
1.31,-1076.5960303361692,412.40835298347713,1.0739800858944717
1.32,-1074.106619838054,399.47557669213813,1.0403009809691097
1.33,-1067.4354722088897,364.5756088290332,0.9494156479922738
1.34,-1061.7598236309486,393.4572352959241,1.0246282169164689
1.35,-1064.9905882759233,376.1039750256031,0.9794374349625081
1.36,-1070.1188744527235,388.71457056295196,1.0122775275076874
1.37,-1068.3298196099436,375.72601600928886,0.9784531666908564
1.3800000000000001,-1064.4339769819208,397.9014569800961,1.036201710885667
1.3900000000000001,-1063.0508231839958,384.15537209747646,1.0004046148371784
1.4000000000000001,-1064.507068848239,385.6071293013034,1.0041852325554776
1.41,-1065.6819409098723,397.0662424554598,1.0340266730610932
1.42,-1065.4198866570748,376.28882392967466,0.9799188123168611
1.43,-1065.4375757018597,398.4753458513721,1.0376962131546148
1.44,-1068.3830853185239,390.1211964839574,1.015940615843639
1.45,-1070.5656648287675,394.85192155493803,1.0282602123826512
1.46,-1069.840035628993,405.7869358269321,1.0567368120493024
1.47,-1066.4211954194827,384.7113513178916,1.0018524773903428
1.48,-1062.2912368043542,392.26128957485935,1.0215137749345296
1.49,-1058.2971009009343,364.80016726043937,0.9500004355740609
1.5,-1056.2324222802781,385.4056264544661,1.0036604855585054
1.51,-1057.6795794354,380.28984346742527,0.9903381340297533
1.52,-1058.7395463922253,374.83442587662347,0.9761313173870403
1.53,-1057.4303057900147,359.0556562002994,0.9350407713549463
1.54,-1058.6977038848224,433.64448146087,1.129282503804349
1.55,-1058.523526548708,393.9324460644003,1.0258657449593758
1.56,-1061.0545981784494,377.51532648665597,0.9831128293923332
1.57,-1059.0504424075311,387.27268242106044,1.0085226104715115
1.58,-1055.1871048173284,382.8935392212925,0.9971185917221158
1.59,-1053.4022212392902,348.12575360873393,0.9065774833560779
1.6,-1048.9188910202333,392.71201939064304,1.0226875504964663
1.61,-1048.993919905283,396.4691317069975,1.0324716971536392
1.62,-1049.6451114285162,363.80318626848435,0.9474041309075113
1.6300000000000001,-1049.4674154028842,415.6689855098939,1.0824713164320154
1.6400000000000001,-1051.1498522498505,406.61155051474725,1.0588842461321544
1.6500000000000001,-1051.592049964466,391.5202145652253,1.019583892096941
1.6600000000000001,-1053.9691732026279,366.01968206910874,0.953176255388304
1.67,-1056.3077508557903,342.75783226582826,0.8925985215255944
1.68,-1055.4754046432531,386.77113096332084,1.007216486883648
1.69,-1059.040286141651,369.01009281540854,0.9609637833734598
1.7,-1064.0221877190893,406.5217379763185,1.0586503593133294
1.71,-1065.020792866335,403.6928430668932,1.051283445486701
1.72,-1061.3497878187334,381.58848182023405,0.9937200047401928
1.73,-1057.9346013393047,361.66057616540775,0.941824417097416
1.74,-1054.583406714136,351.3085334444288,0.9148659725115333
1.75,-1050.7173818620518,381.92352511103843,0.9945925133099959
1.76,-1047.1794721532574,372.40700337237536,0.9698099046155608
1.77,-1048.1699403430325,399.3018472962529,1.0398485606673253
1.78,-1051.4453035724648,397.5748545806523,1.035351183803782
1.79,-1055.8562168037952,403.18558318533405,1.0499624562118075
1.8,-1058.7788489779114,402.6101836591291,1.0484640199456488
1.81,-1058.0264339338828,399.6572287098875,1.0407740330986652
1.82,-1060.1613747344395,383.78375189594624,0.9994368538956934
1.83,-1064.3890420504429,402.47626445642913,1.0481152720219509
1.84,-1066.6971134500427,394.7130431999392,1.0278985499998416
1.85,-1065.7377616388294,367.85874798617454,0.9579654895473295
1.86,-1065.434243442839,385.43040725830696,1.003725018901841
1.87,-1061.2574584893514,377.13402039967855,0.9821198447908296
1.8800000000000001,-1060.9721325467035,393.91896657430084,1.0258306421205752
1.8900000000000001,-1059.411935485974,436.1921560928446,1.1359170731584494
1.9000000000000001,-1056.388894852398,381.9088479891643,0.9945542916384488
1.9100000000000001,-1055.5102609138733,350.59180562289964,0.9129994938096345
1.92,-1058.2680070721647,358.8236538563017,0.934436598584119
1.93,-1062.1352692950902,390.2826995501513,1.0163611967451855
1.94,-1065.0827120251847,378.5562869914046,0.9858236640401161
1.95,-1065.1867038942826,337.6391028050484,0.8792684968881469
1.96,-1063.0773762299057,366.94420807248446,0.9555838751887616
1.97,-1062.7821173674938,385.81376883795224,1.004723356348834
1.98,-1059.6646906871115,393.27289729042207,1.0241481700271409
1.99,-1053.5829443584666,398.5861672163129,1.0379848104591483
2.0,-1048.4783589033855,428.00024093283935,1.1145839607626025
2.0100000000000002,-1044.8001111560236,421.4869675142688,1.0976223112350751
2.02,-1042.696119282737,411.23010055186194,1.0709117201871405
2.0300000000000002,-1043.7970614321505,376.23212601475757,0.9797711614967645
2.04,-1044.15876562825,398.60613779038766,1.0380368171624679
2.05,-1041.819605818348,365.44975904915384,0.9516920808571715
2.06,-1039.4663828897671,376.4489957929312,0.9803359265440917
2.07,-1041.125498959723,384.6770616763175,1.0017631814487435
2.08,-1043.234317795393,409.7249519088124,1.0669920622625322
2.09,-1038.2950976770817,362.7688405045308,0.9447105221472155
2.1,-1035.4369888352128,399.352202965025,1.0399796952214193
2.11,-1039.011459210589,353.35287847660925,0.9201897876995032
2.12,-1042.6524229678184,386.43858624415424,1.0063504850108183
2.13,-1047.7404045016908,377.3132979910199,0.982586713518281
2.14,-1052.5789170104226,381.3947707018025,0.9932155487026106
2.15,-1056.115718788029,369.1732387046002,0.9613886424598963
2.16,-1055.6139230791728,407.83148526040833,1.0620611595323133
2.17,-1052.7998718575545,404.02098306764526,1.0521379767386596
2.18,-1050.6564497550266,378.8019605245844,0.9864634388661052
2.19,-1050.7908530812629,389.90912585383796,1.015388348577703
2.2,-1052.4903704398155,408.9890777837947,1.0650757233952988
2.21,-1048.831196883714,408.5497781889753,1.0639317140337898
2.22,-1046.874625827827,412.0338944696131,1.0730049335146175
2.23,-1047.1310176980405,404.88651125109936,1.0543919563830713
2.24,-1046.4921010523378,412.748952807299,1.0748670646023413
2.25,-1047.242646233262,409.2144781418332,1.0656627034943573
2.2600000000000002,-1048.948672413338,378.1960870325516,0.9848856433139365
2.27,-1047.0756034662304,362.45696355586074,0.9438983425933873
2.2800000000000002,-1045.3673762984417,364.6777326722031,0.9496815955005289
2.29,-1047.1296460771234,369.3834971137236,0.9619361904003219
2.3000000000000003,-1045.5447414027108,347.85743295701434,0.9058787316588915
2.31,-1045.36423715008,374.81729949623605,0.9760867174381147
2.32,-1047.1121665432818,409.5370321974316,1.0665026880141448
2.33,-1046.5519306722367,379.52742407331027,0.9883526668575788
2.34,-1044.489520480272,379.54897700725553,0.9884087942897279
2.35,-1044.3964106214169,359.3656097370106,0.935847942023465
2.36,-1043.5518401480244,377.2297219293123,0.9823690675242508
2.37,-1041.2606565878843,380.5425740334948,0.9909962865455594
2.38,-1037.9628632995662,369.94718444021544,0.9634041261463944
2.39,-1034.518155276849,380.41506392799647,0.9906642289791575
2.4,-1035.996544884018,365.5291006761305,0.9518986996774231
2.41,-1037.6516490137187,356.0737171731747,0.9272753051384758
2.42,-1042.6566724539816,362.2712228688273,0.943414642887571
2.43,-1044.1550073332596,362.87952384808057,0.9449987600210431
2.44,-1046.2506667998782,341.9091993359299,0.8903885399373174
2.45,-1046.9471038199872,374.0122906924154,0.9739903403448317
2.46,-1047.8768947461908,375.0205866046026,0.976616110949486
2.47,-1044.0336766043542,380.474661718727,0.990819431559185
2.48,-1039.0789842627937,421.505459348742,1.0976704670540156
2.49,-1038.037621137297,420.721524496156,1.095628970042073
2.5,-1037.965666553547,412.6308049372898,1.0745593878575255
2.5100000000000002,-1032.5988077841807,436.8534883626487,1.1376392926110643
2.52,-1031.6647471553738,381.9844740496178,0.994751234504213
2.5300000000000002,-1030.7275067904009,382.57015273352494,0.9962764394102211
2.54,-1030.1562273380837,382.8542027448726,0.9970161529814391
2.5500000000000003,-1037.8851427247823,376.70502744331225,0.9810026756336256
2.56,-1039.9515982434727,413.52763724949534,1.0768948886705607
2.57,-1039.7496907153957,379.23487377598303,0.9875908171249558
2.58,-1037.9469135942445,370.0572184387315,0.96369067301753
2.59,-1036.171527925941,362.4065945215044,0.9437671732330845
2.6,-1036.93223094111,374.82757468059225,0.976113475730709
2.61,-1034.9747236878636,372.6668336458759,0.9704865459528018
2.62,-1034.5500107093376,366.13475285721626,0.9534759188990006
2.63,-1036.881551504565,352.59314270997277,0.918211309140554
2.64,-1039.9025023342747,356.93668434072003,0.9295226154706251
2.65,-1040.662840448318,370.23734926703,0.964159763716224
2.66,-1042.5713038398353,382.2170486949297,0.9953568976430461
2.67,-1040.9413313228238,388.2653311734198,1.011107633264114
2.68,-1041.4040775707758,380.06363254295843,0.989749043080621
2.69,-1043.5338730198275,387.37227056651045,1.0087819546002876
2.7,-1042.5900907298042,411.0654723273882,1.0704830008525734
2.71,-1041.0412877655976,391.8087625738941,1.0203353192028493
2.72,-1041.5988026692746,376.8102726333583,0.9812767516493706
2.73,-1040.3121542529402,369.3478722982927,0.9618434174434706
2.74,-1039.0291429398294,375.7519394564269,0.9785206756677783
2.75,-1035.4760037849092,384.33019570794573,1.0008598846561088
2.7600000000000002,-1036.283618816337,375.2270798698844,0.9771538538278239
2.77,-1034.6863866767812,364.1201659823197,0.9482295989122909
2.7800000000000002,-1032.9539687951672,417.2886672374299,1.0866892375974737
2.79,-1029.8878271160868,406.16114839285615,1.0577113239397296
2.8000000000000003,-1033.9435801917427,412.4117273916813,1.0739888734158367
2.81,-1036.4168525730765,408.32483180882946,1.0633459161688268
2.82,-1037.758916628493,413.1507312216622,1.0759133625564121
2.83,-1035.0536077409965,423.2345388761323,1.1021732783232612
2.84,-1033.3158914070368,428.2465253219751,1.1152253263593102
2.85,-1034.6585894324094,411.23832118993505,1.0709331280987893
2.86,-1030.5086822200556,403.8718693543336,1.0517496597769105
2.87,-1026.2805092514418,389.73969811822735,1.014947130516217
2.88,-1026.9525218323215,400.9876342563556,1.044238630875926
2.89,-1027.4444525136971,386.36918065210034,1.0061697412815114
2.9,-1029.2093712998178,371.46582076504137,0.9673589082422952
2.91,-1033.7416833851955,376.61652646439506,0.9807722043343622
2.92,-1035.5071841430645,384.21258239655896,1.0005535999910389
2.93,-1032.9940190562693,390.8418590443646,1.017817341261366
2.94,-1030.3714243630707,383.8580321505864,0.9996302920588187
2.95,-1029.2643851851706,405.10245355089506,1.0549543061221225
2.96,-1021.4483120410741,389.59437283250105,1.014568679251305
2.97,-1021.337331056501,393.3519106671771,1.024353934029107
2.98,-1021.4088898995499,393.3820717268942,1.0244324784554537
2.99,-1024.1364028486491,354.6510929502474,0.9235705545579359
3.0,-1025.2192303426734,370.41630218214584,0.9646257869326714
3.0100000000000002,-1025.955655256011,361.6319830983283,0.9417499559852299
3.02,-1026.918909417365,354.83357080586575,0.924045757306942
3.0300000000000002,-1033.12972838829,358.4779000776742,0.9335361981189432
3.04,-1038.3608723856946,383.5905903895059,0.9989338291393383
3.0500000000000003,-1043.264435201159,368.94028738365387,0.960781998394932
3.06,-1046.9600763701656,368.20044171220275,0.9588553169588613
3.0700000000000003,-1050.1559992040861,375.53392623535865,0.9779529329045799
3.08,-1047.3267760966364,399.5971327513753,1.0406175332067065
3.09,-1044.3707818453802,389.51149260605814,1.0143528453282764
3.1,-1044.6147483474901,395.6300874018397,1.030286685942291
3.11,-1042.7774784634153,388.8378379222355,1.0125985362558216
3.12,-1037.7067483830608,393.23846003429827,1.0240584896726517
3.13,-1040.4467940684067,405.71568596439295,1.0565512655322733
3.14,-1040.0430813661576,398.63524740909054,1.0381126234611733
3.15,-1038.2841158368356,383.1547989975089,0.9977989557226795
3.16,-1037.8179326686052,356.35532206804345,0.9280086512188631
3.17,-1036.7678686282707,384.3958531705491,1.0010308676316384
3.18,-1035.9049120858904,409.6265094133465,1.0667357015972565
3.19,-1036.032744430351,395.38585940558585,1.0296506755353798
3.2,-1032.0167051468657,386.015736513444,1.0052493138370937
3.21,-1030.7875326588533,401.3258856401785,1.0451194938546315
3.22,-1029.7022561728863,385.61964083028624,1.0042178146622038
3.23,-1033.5360080739629,418.25332142959866,1.0892013578895798
3.24,-1041.6149545927337,385.1741285191215,1.003057626351879
3.25,-1045.4968494293364,412.81826991541726,1.0750475779047324
3.2600000000000002,-1046.4511656388065,374.8834341353469,0.9762589430607992
3.27,-1050.5002577821795,369.3279025339283,0.9617914128487716
3.2800000000000002,-1054.671399820777,422.7959184235833,1.101031037561415
3.29,-1055.9702033031226,411.59677783677654,1.071866608949939
3.3000000000000003,-1051.6546970803577,390.24494197640513,1.0162628697302216
3.31,-1047.1003826525948,371.9240106779922,0.9685521111406047
3.3200000000000003,-1047.2024266540445,414.0022248086574,1.0781307937725453
3.33,-1045.6194377487147,404.9153694935037,1.0544671080559993
3.34,-1044.6845959131258,377.4144469805909,0.9828501223452889
3.35,-1040.9475564390896,380.8557687771965,0.9918118978572825
3.36,-1042.1794097020625,404.696450017022,1.0538970052526615
3.37,-1043.8532682154755,374.4563608637163,0.9751467730825946
3.38,-1047.4886843863706,342.6138649143015,0.8922236065476601
3.39,-1046.7228577347673,355.6589198355293,0.9261951037383575
3.4,-1046.5895235323578,353.0422096399593,0.9193807542707274
3.41,-1045.740139612311,398.0978670956145,1.036713195561496
3.42,-1046.5200547855645,378.8005222221276,0.9864596932867906
3.43,-1047.2630157616652,378.3957874982076,0.9854056966099156
3.44,-1049.9898981060999,385.6055381438899,1.0041810889163798
3.45,-1052.338423569153,409.3078262597712,1.0659057975514876
3.46,-1052.2179499752704,404.144260823597,1.0524590125614506
3.47,-1050.985744784372,391.54807436345413,1.0196564436548285
3.48,-1047.5022416484308,373.65043678728784,0.9730480124668954
3.49,-1051.683342665486,410.54190515281823,1.0691195446687976
3.5,-1051.6650783570672,397.7263864002814,1.0357457979173994
3.5100000000000002,-1047.1539284504533,359.0090383988013,0.9349193708302117
3.52,-1044.608322853148,326.14992446550417,0.8493487616289171
3.5300000000000002,-1044.2006652813488,378.8777078751166,0.9866606975914495
3.54,-1043.451410635446,402.237473559559,1.0474934207280182
3.5500000000000003,-1040.3229075084096,408.30796073582974,1.0633019810828899
3.56,-1039.5650983160147,375.6848073815703,0.9783458525561727
3.5700000000000003,-1038.9403259696305,359.1192255509738,0.9352063165389942
3.58,-1041.8606358312531,371.66414643499047,0.967875381341121
3.59,-1046.5367902866433,394.87208078986305,1.0283127103902683
3.6,-1046.496920373536,400.03670703069525,1.0417622578924355
3.61,-1050.1729398403177,398.14725520918375,1.0368418104405828
3.62,-1051.9651931115657,389.74286497493733,1.0149553775388993
3.63,-1054.2271644974278,371.43142612358633,0.9672693388635061
3.64,-1055.2784341696354,397.7048934326414,1.0356898266475036
3.65,-1057.5279693149992,400.99029522102563,1.044245560471421
3.66,-1056.2159467311562,372.2892725052383,0.9695033138157246
3.67,-1055.4530012039863,371.5543537723054,0.967589462948712
3.68,-1055.317775447672,373.5001252837431,0.9726565762597477
3.69,-1055.8118642134864,388.6417559984659,1.0120879062460049
3.7,-1050.777762469836,364.2629777905173,0.9486015046628055
3.71,-1045.374338576991,337.23681236287644,0.878220865528324
3.72,-1045.743154600932,352.3778299845342,0.9176505989180578
3.73,-1047.2282821313051,387.47272149559694,1.0090435455614504
3.74,-1050.2395216135665,386.1838739609394,1.0056871717732798
3.75,-1050.1273072007418,380.4044881484135,0.9906366878864935
3.7600000000000002,-1046.4355662577868,385.5864180720441,1.0041312970626148
3.77,-1047.7099221923972,367.90960132056205,0.9580979201056303
3.7800000000000002,-1049.9143009485178,367.10434657755775,0.9560009025457233
3.79,-1049.3310163695069,371.62981382828366,0.9677859735111554
3.8000000000000003,-1050.3264410215854,377.9606683671749,0.9842725738728513
3.81,-1051.7729350698492,363.2057301672227,0.9458482556438091
3.8200000000000003,-1053.1926952203776,382.5424398559228,0.9962042704581323
3.83,-1052.1535393330923,403.63508640787313,1.051133037520503
3.84,-1048.2626186742375,389.6105653428883,1.014610847247105
3.85,-1047.4690830000825,373.9349560750767,0.9737889481121789
3.86,-1049.4344481918288,366.75851741483467,0.9551003057677986
3.87,-1050.056215942364,364.05894362457303,0.9480701656889923
3.88,-1050.6350786140288,372.99169804003463,0.9713325469792569
3.89,-1049.523497251948,389.54885042914907,1.014450131325909
3.9,-1046.3669426240644,390.0329772209833,1.015710878179644
3.91,-1045.355384086174,398.9675091042669,1.0389778882923617
3.92,-1043.9504503557437,393.63913046065113,1.025101902241279
3.93,-1043.2868568883175,406.47149179220867,1.0585195098755433
3.94,-1043.5559319529111,389.14080225047803,1.0133875058606199
3.95,-1041.272874843575,427.40388400155325,1.1130309479207117
3.96,-1036.6253582445956,409.200776000627,1.065627020834966
3.97,-1031.4568310711722,408.8643944984234,1.0647510273396443
3.98,-1030.410422073444,416.69551094891347,1.0851445597627956
3.99,-1023.6515628293663,398.3329368388146,1.0373253563510796
4.0,-1019.2741034876124,391.1801355463938,1.0186982696520672
4.01,-1021.4251901077605,397.06520787638846,1.0340239788447616
4.0200000000000005,-1025.6829684838847,420.51184847965897,1.095082938749112
4.03,-1028.4977611798536,428.8546723183854,1.1168090424957953
4.04,-1027.8225480644705,436.1825090325719,1.135891950605656
4.05,-1028.8013235936687,411.9222076486893,1.0727140824184618
4.0600000000000005,-1027.3967676426475,408.7629438364696,1.064486832907473
4.07,-1025.876244101405,402.4032130089528,1.0479250338774813
4.08,-1021.6667516653833,363.49694676928283,0.9466066322116741
4.09,-1022.8401755096919,392.8637942966601,1.0230827976475523
4.1,-1024.9508020794203,397.6059273684475,1.0354321025219988
4.11,-1027.9296144551904,413.70743586580465,1.0773631142338662
4.12,-1030.8577113810945,374.9708481156462,0.9764865836344954
4.13,-1034.6752147008501,372.37391276247774,0.9697237311522858
4.14,-1038.619676946375,352.4960526604968,0.9179584704700438
4.15,-1039.1985263009847,393.1779433321085,1.0239008940940326
4.16,-1036.049259214114,417.0489695386745,1.086065024840298
4.17,-1031.0992072003519,405.90742576288767,1.0570505879241867
4.18,-1020.166963608804,398.7757281595393,1.0384784587488003
4.19,-1018.0053104821228,357.63481959724004,0.9313406760344792
4.2,-1020.692931012188,377.3563727237974,0.9826988873015557
4.21,-1022.4559590426895,389.95168798027305,1.0154991874486277
4.22,-1019.3255649000142,402.4989113321795,1.048174248260884
4.23,-1019.5762210990132,417.7938737406442,1.0880048795329276
4.24,-1018.7516194965835,391.2599315847692,1.0189060718353364
4.25,-1017.5665279573941,379.2180506161968,0.9875470068130126
4.26,-1018.0443511043225,366.50835489234544,0.9544488408654829
4.2700000000000005,-1016.6138372763922,378.34086898556075,0.9852626796498978
4.28,-1013.2680581674376,357.00362685219307,0.9296969449275861
4.29,-1014.9947651005132,365.6189340862984,0.9521326408497354
4.3,-1023.1013255951622,385.4663830289706,1.0038187058046109
4.3100000000000005,-1034.2490972101396,392.3265407070266,1.0216836997578818
4.32,-1040.8567194557088,392.6199409871858,1.022447762987463
4.33,-1040.335879085754,399.9152699529364,1.0414460155024385
4.34,-1040.5334584574762,372.2748363213276,0.9694657195867906
4.3500000000000005,-1041.9986874404433,382.2878139166536,0.9955411820746187
4.36,-1045.5072763046446,424.5117763913646,1.1054994176858453
4.37,-1046.2913201052602,406.35187906579836,1.0582080184005165
4.38,-1042.6381837352837,400.4988173841545,1.0429656702712358
4.39,-1041.9419481472291,343.7051864157031,0.8950655896242269
4.4,-1041.0230184993645,350.5957675718122,0.9130098113849275
4.41,-1042.244218017108,361.76416110629214,0.9420941695476358
4.42,-1042.4686960859979,400.5808392698091,1.0431792689317945
4.43,-1044.8992152360372,431.2893947089675,1.1231494653879361
4.44,-1046.4878402812722,420.1291269481932,1.0940862680942531
4.45,-1046.6608114603678,408.57720916917805,1.064003148878068
4.46,-1047.0979670642453,370.83686335555063,0.9657209983217464
4.47,-1047.5342561745126,349.29677646732466,0.9096270220503246
4.48,-1045.1069472451843,361.89341765903566,0.9424307751537387
4.49,-1041.7781265384467,355.34973706313224,0.9253899402685736
4.5,-1038.5788743028868,382.81611496625453,0.9969169660579545
4.51,-1037.8460172486516,386.8647585192606,1.0074603086439078
4.5200000000000005,-1031.9707511843153,382.00245454930615,0.9947980587221514
4.53,-1030.1758553362183,364.03917191572657,0.9480186768638713
4.54,-1031.1981767307736,370.5174012356755,0.9648890657179049
4.55,-1034.0989720130428,386.04451412361186,1.0053242555302393
4.5600000000000005,-1035.6243318112338,407.9700261117674,1.0624219429993944
4.57,-1034.6512037730965,402.11909212607134,1.0471851357449775
4.58,-1029.7731808153953,381.5780603868558,0.9936928655907703
4.59,-1025.8270602366701,395.84318978074765,1.0308416400540303
4.6000000000000005,-1028.4425393005226,397.57464426815295,1.0353506361149816
4.61,-1033.8222824285513,400.36145888362614,1.0426079658427765
4.62,-1037.3279500378549,376.7847450141168,0.9812102734742626
4.63,-1036.475710912685,356.9027491176995,0.9294342424940091
4.64,-1032.6734923446766,373.42029209794373,0.9724486773383951
4.65,-1031.89113214843,376.83595609259834,0.9813436356578081
4.66,-1031.2246694729915,404.6144595203508,1.053683488334247
4.67,-1026.936042388072,429.52667847255736,1.1185590585222849
4.68,-1025.2403386611868,401.3324146297579,1.0451364964316612
4.69,-1026.0985175797116,389.2877933953371,1.013770295300357
4.7,-1020.3140440134821,346.749214392157,0.9029927458129089
4.71,-1013.9268950987769,369.0237116541409,0.9609992490993253
4.72,-1018.0482581841791,372.31604017172424,0.9695730212805319
4.73,-1022.517614798011,383.31225283278866,0.9982089917520538
4.74,-1022.9317918234351,400.351290148679,1.042581484762185
4.75,-1024.778045233508,383.6111817119367,0.9989874523748351
4.76,-1021.9187097259761,398.43124464764475,1.0375813662699083
4.7700000000000005,-1023.0258133781372,388.23381803118843,1.0110255677895532
4.78,-1021.5456411587168,395.6858628089252,1.0304319343982427
4.79,-1023.8988590705173,417.07082397263116,1.086121937428727
4.8,-1018.5056724905972,381.84800976302375,0.9943958587578744
4.8100000000000005,-1012.188062530686,380.4924806408926,0.9908658350023245
4.82,-1012.2824878547978,368.88452181270964,0.9606367755539313
4.83,-1011.187002711023,364.89890040062323,0.950257553126623
4.84,-1013.9415788051215,399.13934161260966,1.0394253687828376
4.8500000000000005,-1017.5871180281679,393.5186144393219,1.024788058435734
4.86,-1018.3043629676205,377.77213364222155,0.9837815980266186
4.87,-1014.0807221816026,401.2542103484827,1.0449328394491737
4.88,-1007.6587701960359,425.88175336816846,1.1090670660629387
4.89,-1008.9998730894933,375.413170467393,0.977638464758836
4.9,-1013.8640803386357,423.53059941535497,1.1029442693108202
4.91,-1016.2085369530837,395.9976207997703,1.0312438041660685
4.92,-1018.8924348712493,389.50575957794973,1.0143379155675774
4.93,-1022.2797594023464,398.487141902497,1.0377269320377527
4.94,-1022.4790329623465,394.46098376962516,1.0272421452333989
4.95,-1021.5593890270434,351.1052426145194,0.9143365693086443
4.96,-1022.4847837118127,359.8541891642631,0.9371202842819352
4.97,-1023.5362427560791,408.51996262521914,1.0638540693365082
4.98,-1024.496520732142,401.68219970817506,1.0460473950733726
4.99,-1023.1982771168916,359.2324973357105,0.9355012951450794
5.0,-1020.7657837970687,398.7482690220467,1.0384069505782467
5.01,-1020.6282397192701,366.928556483179,0.955543115841612
5.0200000000000005,-1018.3493529441544,397.7035799144635,1.0356864060272486
5.03,-1018.2450662604299,423.3477219375188,1.1024680258789552
5.04,-1020.1176067328299,377.67238664405477,0.9835218402188927
5.05,-1026.475291259912,408.64062284601306,1.0641682886614923
5.0600000000000005,-1028.725070477542,395.52185350153326,1.0300048268269095
5.07,-1028.5702910810999,388.425100395292,1.011523698946073
5.08,-1025.936232062137,360.49166126011346,0.9387803678648788
5.09,-1025.3397841396386,371.85144589766173,0.9683631403584941
5.1000000000000005,-1025.7302739567315,342.7158944115265,0.8924893083633503
5.11,-1028.0386564537278,383.7628579492221,0.9993824425760992
5.12,-1028.9242205665485,362.4499024548409,0.9438799543094816
5.13,-1028.8177006428255,380.9296427492393,0.9920042779928107
5.14,-1025.8184823898184,398.1802175481001,1.0369276498648439
5.15,-1023.2207246634281,381.073172431363,0.9923780532066745
5.16,-1018.1814840319018,375.62585883264273,0.9781923407100072
5.17,-1016.8822549839649,393.442004253211,1.024588552742737
5.18,-1016.7062096167056,378.8670968329003,0.9866330646690112
5.19,-1019.3795760698545,395.07879677031224,1.0288510332560215
5.2,-1018.5039898335234,402.07135971477817,1.0470608325905681
5.21,-1017.2596135456105,399.6828756835151,1.0408408220924872
5.22,-1017.9462078797688,366.8447159152063,0.9553247810291831
5.23,-1021.6718067101483,390.38591768649496,1.0166299939752472
5.24,-1022.1134361172169,397.7250236345091,1.035742249048201
5.25,-1020.5371849506078,383.845791065032,0.9995984142318542
5.26,-1013.8419390625046,414.7207741336638,1.0800020159730828
5.2700000000000005,-1007.8546827513946,371.72666914005396,0.9680382008855571
5.28,-1008.9021747552117,391.76432071757716,1.020219585202024
5.29,-1011.4521483816187,412.7091714549876,1.074763467330697
5.3,-1007.2049804915431,370.6743587556236,0.9652978092594364
5.3100000000000005,-1002.8410768378362,415.8795394259233,1.0830196339216753
5.32,-1000.8624289532438,383.2719656873064,0.9981040773106938
5.33,-1003.8218346385461,364.5756259527053,0.9494156925851701
5.34,-1005.3102684284476,373.26288237863866,0.9720387561943715
5.3500000000000005,-1010.5742700620199,371.02614171535413,0.9662139107170681
5.36,-1011.040816470015,362.8398960852581,0.9448955627220262
5.37,-1010.9358036601471,382.5616376202104,0.9962542646359646
5.38,-1012.4475386774701,376.74122925869506,0.9810969511945183
5.39,-1013.2834599014609,365.21036113636126,0.9510686487926074
5.4,-1009.0186676237229,361.7105604622443,0.9419545845370946
5.41,-1006.355540395743,350.55386014782806,0.9129006774683023
5.42,-1004.9169382943019,374.68154901337056,0.9757332005556525
5.43,-1007.4179632666253,376.80506381393076,0.9812631870154447
5.44,-1008.9035193283389,370.8195744648027,0.965675975168757
5.45,-1009.7655598050935,355.2643047415589,0.9251674602644763
5.46,-1010.1537738133449,362.93960050105204,0.9451552096381564
5.47,-1013.7948670890262,381.6432117310042,0.9938625305494901
5.48,-1013.792555496437,390.0962580851733,1.0158756720968054
5.49,-1010.8261712859297,374.7535570504224,0.9759207214854749
5.5,-1010.9082309093952,382.3949785357396,0.9958202566034885
5.51,-1008.8219094570857,373.723375829827,0.9732379578901744
5.5200000000000005,-1011.20816397414,364.5117927239851,0.9492494602187111
5.53,-1009.0322251481425,375.3567423827657,0.9774915166217856
5.54,-1006.213831667348,379.0305104243332,0.987058620896701
5.55,-996.7718618339647,362.04409264049707,0.9428231579179611
5.5600000000000005,-993.9456270612598,395.0065299708459,1.0286628384657446
5.57,-993.7832527909268,380.53303257007747,0.9909714389845767
5.58,-994.5148608277058,395.1741580146011,1.0290993698296904
5.59,-997.9288639060544,363.5116886566859,0.946645022543453
5.6000000000000005,-1007.4305245789797,365.30957910454094,0.9513270289180754
5.61,-1007.1395380657884,372.19821464125744,0.9692661839616079
5.62,-1008.2472037009436,403.6079730556993,1.0510624298325502
5.63,-1010.8251436656287,417.10292449844644,1.0862055325480375
5.64,-1012.402133672623,379.7925922622627,0.9890432090163092
5.65,-1012.9280022891201,377.66722320285015,0.9835083937574223
5.66,-1008.2099789435566,393.46689135303325,1.0246533628985242
5.67,-1008.614579499236,393.95939096732553,1.0259359139774102
5.68,-1001.6134827453579,385.4849718873964,1.0038671142900948
5.69,-995.4893352772201,372.95379271930926,0.9712338352065345
5.7,-991.4586981452205,380.4583645099806,0.9907769909114078
5.71,-992.280393577444,358.72539827129907,0.9341807246648414
5.72,-992.7967892367175,385.06060429838703,1.0027619903603828
5.73,-991.0312228116054,383.712911073315,0.9992523725867578
5.74,-987.911239099841,373.10831278714704,0.9716362312165288
5.75,-988.2882704017901,362.3827211209224,0.9437050029190687
5.76,-993.7152182770699,396.38426682246956,1.032250694850181
5.7700000000000005,-997.4451657039316,410.4185862547805,1.0687984017051575
5.78,-1001.3392869211518,375.695436692473,0.9783735330533151
5.79,-1006.1971450588402,403.7649418843232,1.0514712028237583
5.8,-1010.6461726458531,398.92028782295074,1.0388549162056009
5.8100000000000005,-1008.0112199860537,397.9495821744013,1.0363270369125035
5.82,-1008.9969625905555,375.6955593731353,0.9783738525342066
5.83,-1013.1718812852496,382.2519156457471,0.995447696994133
5.84,-1016.2998522394496,373.2860801382021,0.9720991670265681
5.8500000000000005,-1016.2710462090607,377.81495397782663,0.9838931093172568
5.86,-1019.7485847889343,360.9755079247769,0.9400403852207732
5.87,-1022.3085442674906,399.7672066005665,1.041060433855642
5.88,-1020.016910680294,379.91953923090665,0.989373800080486
5.89,-1018.2528989287929,369.48391873017454,0.9621977050264962
5.9,-1018.583204457808,376.86607699338236,0.9814220755035999
5.91,-1021.0886453586108,400.42585262283137,1.0427756578719567
5.92,-1024.1222060689565,401.82983132609274,1.0464318524116998
5.93,-1021.5182416967875,384.97488776257126,1.0025387702150292
5.94,-1017.8069343099548,370.7495527506588,0.9654936269548405
5.95,-1016.6245425964071,399.6419767070695,1.0407343143413268
5.96,-1016.4655632613742,390.66654968326236,1.0173608064668291
5.97,-1015.4780614863748,396.0477819009981,1.0313744320338492
5.98,-1013.1528340139608,386.6667396904771,1.0069446346106175
5.99,-1012.3538778454154,413.7694467729482,1.0775246009712192
