time,E_pot,E_kin,T
0.0,-1164.257957216359,392.68417198112417,1.0226150312008442
0.01,-1163.9542599617762,392.12047283504666,1.0211470646746006
0.02,-1163.9923536653473,360.83058817166057,0.939662990030366
0.03,-1163.9556574632938,383.4592704965537,0.9985918502514419
0.04,-1163.9721868840363,375.6316123641625,0.9782073238650065
0.05,-1163.386105995045,317.51041840770006,0.8268500479367189
0.06,-1162.9232289915208,349.5564870557977,0.9103033517078064
0.07,-1162.8358428910392,351.2933252158374,0.9148263677495766
0.08,-1162.0783145133034,374.34638411986975,0.9748603753121609
0.09,-1161.6145353123227,374.33573134475785,0.9748326337103069
0.1,-1162.0311727505743,351.05586738173326,0.9142079879732637
0.11,-1162.1597630944098,402.16883830108634,1.0473146830757456
0.12,-1161.7397141820802,396.7448853761732,1.0331898056671178
0.13,-1160.7483738419771,417.74377780879917,1.0878744213770812
0.14,-1160.2076562438606,389.6389069442178,1.0146846535005671
0.15,-1159.4573421433258,364.8032974944248,0.9500085872250645
0.16,-1158.8249947261913,396.1214543187832,1.0315662872884979
0.17,-1157.633060911274,372.11792428938475,0.9690570945036061
0.18,-1156.3567568919345,412.27757357904966,1.0736395145287752
0.19,-1156.488740472733,396.2981611428787,1.03202646130958
0.2,-1155.5263282746027,407.7617099297785,1.0618794529421314
0.21,-1154.6751450376287,406.62946903140255,1.0589309089359442
0.22,-1153.1238503007742,419.946881000782,1.09361166927287
0.23,-1152.063705936608,405.35587012835606,1.0556142451259272
0.24,-1151.402423263757,408.2044283723797,1.0630323655530722
0.25,-1149.5173371242695,386.3074838927356,1.0060090726373323
0.26,-1147.769525217142,382.41625278123223,0.9958756582844589
0.27,-1147.4752551340916,376.5486456934673,0.9805954314934043
0.28,-1145.6027216128473,358.92417360093896,0.9346983687524452
0.29,-1143.5964308640114,367.2323704699819,0.9563342980989112
0.3,-1139.5124512574534,382.08313865609716,0.9950081735835864
0.31,-1138.2346428972232,364.43522830192484,0.9490500737029293
0.32,-1137.325815322909,356.08417491560573,0.9273025388427233
0.33,-1135.8124024062727,368.51105450322916,0.9596642044354926
0.34,-1134.9191277304203,374.75915885001484,0.975935309505247
0.35000000000000003,-1133.1498252650538,354.8157338966084,0.9239993070224176
0.36,-1130.1957709018986,354.8579736477079,0.9241093063742394
0.37,-1129.2167016629041,381.94953123880845,0.9946602376010637
0.38,-1127.8598588813793,371.5835199705674,0.9676654165900193
0.39,-1127.2516307752533,388.07636125661384,1.0106155241057653
0.4,-1124.7629159843439,371.46822868723604,0.9673651788730105
0.41000000000000003,-1124.7973776317071,362.507489914427,0.9440299216521537
0.42,-1124.1224493155912,364.5858082348826,0.9494422089450069
0.43,-1121.4999076914764,371.3789425583211,0.9671326629122946
0.44,-1118.7036398043365,385.93814887651644,1.0050472626992615
0.45,-1115.200704933961,373.5185654695973,0.9727045975770764
0.46,-1112.9964258628768,357.90551381013483,0.9320456088805594
0.47000000000000003,-1110.6747893762204,358.1578745181001,0.932702798224219
0.48,-1105.6254551621257,383.95488721982065,0.9998825188016163
0.49,-1103.2043278686,391.08766745029925,1.0184574673184876
0.5,-1101.7567620240327,410.1278494404987,1.0680412745846322
0.51,-1096.202330059331,389.74533720649333,1.0149618156419098
0.52,-1093.3361980219315,419.4149952835739,1.0922265502176403
0.53,-1090.529517931533,386.563418213427,1.0066755682641328
0.54,-1091.0414739234138,387.0074593778909,1.0078319254632575
0.55,-1092.3790867183768,370.9195475420289,0.9659363217240337
0.56,-1090.9847007942392,416.32459374116195,1.084178629534276
0.5700000000000001,-1089.957142553449,385.15731358836524,1.003013837469701
0.58,-1088.0981327282338,388.77909204671073,1.0124455522049758
0.59,-1087.9425311235173,384.36144423019175,1.0009412610161244
0.6,-1087.2214913715059,365.51514766075263,0.9518623636998766
0.61,-1084.6706656875936,402.7044268685676,1.048709444970228
0.62,-1083.9836951521902,389.3875698654067,1.01403012985783
0.63,-1083.4166718760334,381.55329994651595,0.9936283852773853
0.64,-1084.4312832359606,346.4384005921746,0.9021833348754548
0.65,-1085.8103635089565,379.9344718771339,0.9894126871800362
0.66,-1087.2572511935693,407.4632881302655,1.061102312839233
0.67,-1083.7968059210737,388.519353067603,1.0117691486135494
0.68,-1081.2639525677441,378.7949354465868,0.9864451443921531
0.6900000000000001,-1080.1557310083886,391.35943954409134,1.0191652071460713
0.7000000000000001,-1078.32916917317,344.2805268274921,0.896563871946594
0.71,-1081.1660839589858,387.979568149549,1.0103634587227839
0.72,-1082.7597315697858,409.9076945012797,1.067467954430416
0.73,-1080.2872344932357,386.3744915305912,1.0061835716942478
0.74,-1077.8219061656744,374.4696162149372,0.975181292226399
0.75,-1077.8090342377723,383.36623949789714,0.9983495820257738
0.76,-1079.2151858924897,396.2397008556929,1.031874220978367
0.77,-1076.7712739854708,431.23521562417125,1.1230083740212793
0.78,-1074.4191065529785,399.8356038482883,1.0412385516882507
0.79,-1071.1559324018554,386.3712765314957,1.0061751993007702
0.8,-1068.6098235115346,390.45652178950826,1.0168138588268445
0.81,-1068.814088633357,371.7118984820944,0.9679997356304542
0.8200000000000001,-1071.6835195351473,397.4112623783217,1.034925162443546
0.8300000000000001,-1073.2864410528402,376.081525090246,0.9793789715891822
0.84,-1073.5290487041402,346.5580918567107,0.9024950308768508
0.85,-1068.97226598449,343.6743941558482,0.8949854014475213
0.86,-1066.696307511669,428.8507992308946,1.1167989563304548
0.87,-1066.1097679329982,372.31323663797053,0.9695657204113816
0.88,-1067.0202760481045,382.3091052626421,0.9955966282881304
0.89,-1068.2056302935016,359.9381672509154,0.9373389772159255
0.9,-1067.7264465617066,386.5492564920652,1.0066386887814198
0.91,-1064.975157840578,349.3900061004114,0.9098698075531547
0.92,-1062.695369625797,360.0880384023858,0.9377292666728797
0.93,-1059.1901283434283,413.15274557108205,1.075918608258026
0.9400000000000001,-1061.4233103733134,417.53629308708787,1.087334096580958
0.9500000000000001,-1061.9360779131084,393.71123197522263,1.0252896666021423
0.96,-1066.1509813601767,398.3527208306357,1.0373768771631138
0.97,-1062.4688754887984,411.6360393509959,1.0719688524765518
0.98,-1059.0308110930475,380.0559994397871,0.989729165207779
0.99,-1058.211016782904,420.836632716964,1.0959287310337604
1.0,-1054.6336473990527,411.553327288456,1.0717534564803541
1.01,-1055.0947145821365,374.3263659805149,0.9748082447409242
1.02,-1057.0884771331937,418.62333185113334,1.0901649266956597
1.03,-1052.1305974524178,359.4407742660044,0.9360436829843864
1.04,-1047.8680226401339,339.85679906388697,0.8850437475622056
1.05,-1050.2940132146923,397.9059318197923,1.0362133641140423
1.06,-1051.0203116543655,414.87752777790513,1.0804102285882946
1.07,-1047.427771164281,403.2070705824267,1.0500184129750696
1.08,-1045.8962438872568,408.4151975751795,1.0635812436853633
1.09,-1042.0454041326411,394.6347657345402,1.0276947024336984
1.1,-1041.7698307302499,407.55973586628,1.0613534788184376
1.11,-1039.9778247399604,385.1656757941922,1.0030356140473755
1.12,-1040.6950466931125,401.5832063990838,1.0457895999976141
1.1300000000000001,-1042.526285967092,377.72375979247636,0.9836556244595739
1.1400000000000001,-1043.7992373949405,397.09384328113595,1.0340985502112916
1.1500000000000001,-1044.2461209232547,360.84482257067896,0.9397000587778098
1.16,-1041.8960668327488,353.72424671961375,0.9211568924989941
1.17,-1041.0679603994524,349.0915835475546,0.9090926654884234
1.18,-1040.5078181256774,357.96198398653314,0.9321926666315967
1.19,-1041.325942928853,397.08264758367136,1.0340693947491442
1.2,-1039.7669446883642,387.5537556113064,1.009254571904444
1.21,-1044.1821112087634,423.5648500802628,1.1030334637506842
1.22,-1042.1281008334906,410.9973312532229,1.0703055501386014
1.23,-1037.5078227850938,377.19096660427465,0.9822681421986319
1.24,-1033.7943804265117,396.52647292902077,1.0326210232526583
1.25,-1031.6598754144181,402.84798733598655,1.0490833003541316
1.26,-1034.8642135827752,401.44180822455553,1.04542137558478
1.27,-1039.093425277206,365.62096170777977,0.9521379211140099
1.28,-1038.7924146508785,350.719190885095,0.9133312262632681
1.29,-1039.7831560956888,392.5621439627537,1.0222972499030043
1.3,-1042.0091756732968,384.20216486312086,1.0005264709977106
1.31,-1043.6948288206318,430.40157041607404,1.120837422958526
1.32,-1043.7899815156395,378.0319338278623,0.9844581610100581
1.33,-1043.1290330561505,404.1948647809195,1.0525907937003112
1.34,-1041.5546399368247,373.0799388864497,0.9715623408501295
1.35,-1044.0488973120912,377.8045285115218,0.9838659596654215
1.36,-1049.2814284342571,411.618681772595,1.071923650449466
1.37,-1049.5927602326965,384.5259432300256,1.0013696438281916
1.3800000000000001,-1048.1931700004397,383.46974280036477,0.9986191218759499
1.3900000000000001,-1047.8071784431163,365.98106377193125,0.9530756869060709
1.4000000000000001,-1046.9828030036044,401.34889336992455,1.0451794098175118
1.41,-1047.4120645323383,406.98849728851366,1.0598658783555044
1.42,-1048.8524388326452,375.973295098411,0.9790971226521119
1.43,-1050.7868532625355,387.5744538353998,1.0093084735296871
1.44,-1050.539867870039,366.75155497664423,0.9550821744183443
1.45,-1047.179757702223,351.74328611576334,0.915998140926467
1.46,-1044.9013969191224,340.9758410089222,0.8879579192940682
1.47,-1045.175184541821,370.9012448405339,0.9658886584388903
1.48,-1048.3553177545675,383.80372463354576,0.9994888662331921
1.49,-1052.8451634474675,393.15670488856495,1.0238455856473045
1.5,-1054.4368661449803,337.8746129756355,0.8798818046240507
1.51,-1051.9606508202712,355.47948627851804,0.9257278288503074
1.52,-1053.1973858493652,369.1174552731644,0.961243373107199
1.53,-1052.5300109489276,374.69716975575625,0.9757738795722819
1.54,-1055.4575647848758,382.0194945899132,0.994842433827899
1.55,-1054.085429361604,418.5176526208524,1.0898897203668032
1.56,-1050.367633824251,401.56101983595784,1.0457318224894736
1.57,-1049.8062135582588,390.1776603724393,1.016087657219894
1.58,-1049.9514731901918,388.7087875381315,1.0122624675472174
1.59,-1044.5295751337067,345.4860968100813,0.8997033771095867
1.6,-1038.6213213950105,363.3042833148985,0.9461049044658815
1.61,-1041.285707801798,357.2814487405915,0.9304204394286236
1.62,-1048.3336985315389,419.01189442361806,1.0911768083948388
1.6300000000000001,-1049.1773274528734,420.7598275468951,1.0957287175700394
1.6400000000000001,-1048.2654366417128,389.8514483227276,1.0152381466737699
1.6500000000000001,-1048.2372237475975,372.8818567385185,0.9710465019232252
1.6600000000000001,-1047.8928284214605,385.8635959450429,1.004853114440216
1.67,-1045.3437119130506,361.64226530415993,0.9417767325629165
1.68,-1044.7360530610572,381.2354998251167,0.9928007807945747
1.69,-1044.7707038526992,403.58774268321565,1.051009746570874
1.7,-1043.0909933976493,406.5766396680291,1.0587933324688257
1.71,-1038.5600361853858,400.5329003008949,1.0430544278669138
1.72,-1038.6181415492858,385.32582202054584,1.0034526615118382
1.73,-1035.4787041841137,422.68737004560705,1.1007483594937684
1.74,-1036.7872272523346,414.3638030096458,1.0790724036709525
1.75,-1035.3968740916696,395.92315599837264,1.0310498854124288
1.76,-1040.474662362615,383.2687364969857,0.9980956679609002
1.77,-1043.052752680772,388.8875243747833,1.0127279280593315
1.78,-1046.1699453396034,422.4049926101137,1.1000130015888379
1.79,-1042.8948773507943,441.21456110416534,1.1489962528754305
1.8,-1041.7005399682275,415.402735435144,1.0817779568623542
1.81,-1039.787907336651,384.5966106031101,1.0015536734455992
1.82,-1036.1480584863862,360.433072843849,0.9386277938641902
1.83,-1036.9608686360957,370.4756404341145,0.9647803136305065
1.84,-1037.7385295071863,393.78591811560307,1.025484161759383
1.85,-1034.3747912046338,386.2053724089369,1.0057431573149398
1.86,-1031.2795881665827,422.32591986123765,1.099807082971973
1.87,-1033.6595661950282,433.15025042095067,1.127995443804559
1.8800000000000001,-1033.3712390518185,390.9619237932352,1.0181300098782167
1.8900000000000001,-1030.3982083893686,395.9865428996309,1.0312149554677887
1.9000000000000001,-1035.4322126117515,397.6851518869322,1.0356384163722192
1.9100000000000001,-1037.4471716456915,410.9434242642526,1.0701651673548245
1.92,-1038.1131248172107,404.29991211611537,1.0528643544690504
1.93,-1036.8672501953215,406.1879911458094,1.057781226942212
1.94,-1035.9037692605564,369.2496109404484,0.961587528490751
1.95,-1037.2088315879732,386.7396494578604,1.0071345037965116
1.96,-1038.1266614193391,400.744564012897,1.0436056354502525
1.97,-1038.2134392511969,347.47848002108174,0.9048918750549003
1.98,-1040.5811515807895,352.96966181610685,0.9191918276461116
1.99,-1042.4146720974506,362.2273556358265,0.9433004053016315
2.0,-1043.847994931746,389.6771775666096,1.0147843165797126
2.0100000000000002,-1047.2429836897559,385.04148953045865,1.0027122123189027
2.02,-1045.1123271652878,345.77145099685873,0.9004464869709863
2.0300000000000002,-1043.5040165050932,395.62178587767477,1.030265067389778
2.04,-1043.399610022339,380.43844578059657,0.9907251192203036
2.05,-1044.6025366856343,395.664560951162,1.0303764608103176
2.06,-1045.7948860806234,385.7406436708374,1.004532926226139
2.07,-1044.6495219936771,385.342254352848,1.003495454043875
2.08,-1044.0672410349512,384.2585092092106,1.0006732010656527
2.09,-1047.8117646092212,383.49636095006434,0.9986884399741259
2.1,-1048.497416365145,389.91983789125493,1.0154162445084765
2.11,-1045.2308580259562,378.6898233770983,0.9861714150445269
2.12,-1043.3783260239709,373.19763486223223,0.9718688407870631
2.13,-1045.5794750647633,379.8445010292952,0.9891783880971229
2.14,-1044.414222358448,375.03455782491704,0.9766524943357214
2.15,-1043.827407049976,376.5796816059719,0.9806762541822186
2.16,-1041.4927411254046,373.47577476571183,0.9725931634523746
2.17,-1039.869044349138,339.958516913003,0.8853086377942786
2.18,-1040.0845851620122,354.8828190922342,0.9241740080526931
2.19,-1039.0122687075923,348.49587113496386,0.9075413310806351
2.2,-1041.2948369664769,373.8278654961682,0.9735100663962714
2.21,-1041.192225757087,402.8547771737001,1.0491009822231774
2.22,-1037.4004859170009,391.4830642716853,1.019487146540847
2.23,-1037.1437772642787,396.1297295821338,1.0315878374534735
2.24,-1032.1367801560154,399.62134992443384,1.0406805987615464
2.25,-1028.902210858137,384.87965927775053,1.002290779369142
2.2600000000000002,-1027.07169371219,385.5496231901117,1.0040354770575826
2.27,-1023.7072220727825,363.06966928029766,0.9454939304174418
2.2800000000000002,-1024.7886481679277,344.73193187845015,0.8977394059334639
2.29,-1024.940943084719,362.9675659216165,0.9452280362542096
2.3000000000000003,-1022.0136920632187,373.5934540022788,0.9728996197976011
2.31,-1020.7623049818837,381.1663040195462,0.9926205833842349
2.32,-1017.2069114683281,394.63293032269735,1.0276899227153578
2.33,-1015.2964303205034,373.40907288466013,0.9724194606371358
2.34,-1016.6682372518355,359.94016391498394,0.9373441768619374
2.35,-1020.0934096277487,349.552951103497,0.9102941434986901
2.36,-1024.93660142669,384.6375611936413,1.001660315608441
2.37,-1024.3267290882272,405.9164468636558,1.0570740803741037
2.38,-1024.953927855458,393.3625475857792,1.0243816343379668
2.39,-1023.5134370529502,410.67524650912105,1.0694667877841695
2.4,-1020.2290849111906,390.92543819203104,1.0180349952917476
2.41,-1019.0633032361793,386.8214835247579,1.0073476133457238
2.42,-1020.8497143051777,403.8454512502491,1.051680862630857
2.43,-1021.2626501491833,389.8137042490416,1.0151398548152126
2.44,-1019.9270001536123,391.46501195588615,1.0194401353017868
2.45,-1018.9432586809261,372.1076759286241,0.9690304060641252
2.46,-1011.933249548649,374.66685465755245,0.9756949340040428
2.47,-1009.168163774275,359.98188472611935,0.9374528248076025
2.48,-1009.9275085347936,366.8121693052085,0.9552400242323138
2.49,-1013.236830927642,386.3561944979225,1.006135923171673
2.5,-1011.4431040571667,349.2134636157398,0.9094100614993224
2.5100000000000002,-1011.5930708365597,348.02950805889895,0.9063268439033827
2.52,-1011.6950293778932,348.3804316199502,0.9072407073436203
2.5300000000000002,-1013.0968524495322,386.0388155219837,1.0053094154218325
2.54,-1017.2079940494493,386.8234993580305,1.0073528629115378
2.5500000000000003,-1017.675424650479,352.34580680728016,0.9175672052272921
2.56,-1021.4290011444508,390.927934836078,1.018041496968953
2.57,-1023.7474077161384,420.1659175338601,1.0941820769110941
2.58,-1023.1043266511676,435.8441888865849,1.135010908558815
2.59,-1022.4033586777483,368.8565425648258,0.9605639129292339
2.6,-1022.1572700210941,381.44440438283624,0.9933448030803027
2.61,-1023.5420332170025,362.030085688074,0.9427866814793594
2.62,-1025.464238874017,374.01558417319785,0.9739989171177027
2.63,-1023.5716921399944,402.64853980362,1.0485639057385938
2.64,-1018.9088189544138,362.2848987067629,0.9434502570488617
2.65,-1015.7986782602363,412.19327596790527,1.0734199894997534
2.66,-1012.5606319462007,394.67891347793534,1.0278096705154567
2.67,-1011.7999249004121,387.53442866889,1.0092042413252342
2.68,-1012.7384280479654,378.3899431661326,0.9853904769951369
2.69,-1014.3769799072143,416.39369849723334,1.084358589836545
2.7,-1011.9205244554327,388.38996524621757,1.011432201162025
2.71,-1010.8695683591033,354.9134044527017,0.9242536574289106
2.72,-1010.3819570441956,383.0937199696988,0.9976398957544239
2.73,-1009.5220296870118,381.7825838716588,0.9942254788324448
2.74,-1011.8922607874215,348.715293976364,0.9081127447301146
2.75,-1018.3527243099666,375.2422379587324,0.9771933280175323
2.7600000000000002,-1018.4111075396391,377.5774844729334,0.983274699148264
2.77,-1018.1466330056809,357.9865870949217,0.9322567372263585
2.7800000000000002,-1018.4471013109637,387.0766409225827,1.0080120857358925
2.79,-1020.1476544635462,403.5320624824881,1.050864746048146
2.8000000000000003,-1024.472477567405,382.8490787516487,0.9970028092490851
2.81,-1025.69894134908,369.72070757440525,0.9628143426416803
2.82,-1026.7192531792716,382.35031687147733,0.9957039501861389
2.83,-1029.378194038946,368.64955802073337,0.9600248906789931
2.84,-1032.3371224998084,365.4005832747068,0.9515640189445489
2.85,-1035.9812824028763,392.7334360276938,1.022743322988786
2.86,-1039.1944047695088,378.5569789155857,0.9858254659260045
2.87,-1037.0118399531898,383.0898292315434,0.9976297636238108
2.88,-1031.8460906619991,351.59036469608594,0.9155999080627238
2.89,-1032.42361670416,344.02691138765624,0.8959034150720214
2.9,-1034.217052019053,367.66413951895663,0.9574586966639496
2.91,-1035.777162398385,378.1354475963983,0.9847277281156206
2.92,-1041.0505402255437,396.91943946572985,1.0336443736086716
2.93,-1043.8324824811837,395.43071688634984,1.029767491891536
2.94,-1042.0418784910498,437.9868039364751,1.1405906352512372
2.95,-1043.422378266421,381.35382331807847,0.9931089148908293
2.96,-1043.4943319296071,391.0516793726464,1.0183637483662666
2.97,-1041.0172453716114,419.0284955170695,1.091220040409035
2.98,-1038.20802651162,389.48911580010315,1.0142945723961019
2.99,-1030.9656990239241,357.5446593166297,0.9311058836370565
3.0,-1031.2781991269967,373.61559263473174,0.9729572724862806
3.0100000000000002,-1030.0449067183008,389.76749957780635,1.0150195301505374
3.02,-1031.2754455793033,367.5195184498125,0.9570820792963867
3.0300000000000002,-1033.5234911341465,392.00916060084035,1.0208571890646885
3.04,-1032.636106721066,379.9624789217516,0.9894856221920615
3.0500000000000003,-1030.873177337919,401.04107128804355,1.0443777898126134
3.06,-1033.0271963807268,362.3599519804029,0.9436457082822992
3.0700000000000003,-1033.9115157146023,366.9576586588415,0.9556189027573998
3.08,-1035.9156072191965,397.5533234559125,1.0352951131664387
3.09,-1037.3165006003026,375.4445214662564,0.9777201079850427
3.1,-1038.4942369502667,393.51506121307375,1.0247788052423796
3.11,-1042.548032864709,423.35577846758446,1.1024890064260011
3.12,-1040.5605783937997,460.6798963340847,1.1996872300366788
3.13,-1040.5065515818255,407.018937396017,1.0599451494687944
3.14,-1039.401317537236,418.0562339894012,1.088688109347399
3.15,-1034.6705061478615,415.5478353769522,1.0821558212941464
3.16,-1030.6486239186067,425.035449668577,1.106863150178586
3.17,-1034.4976890872904,415.6773680978524,1.0824931460881573
3.18,-1036.8211014367246,358.6745289143936,0.9340482523812333
3.19,-1037.1148312724335,374.3224202345923,0.9747979693609174
3.2,-1041.2831201221957,385.64193183492216,1.004275864153443
3.21,-1040.665493437972,382.80084709715663,0.9968772059821788
3.22,-1040.4360810934845,367.3322569867221,0.9565944192362554
3.23,-1038.7466863678587,379.84527330174734,0.9891803992233004
3.24,-1038.6780614798795,402.55412422300657,1.0483180318307463
3.25,-1036.3113898527918,388.15080916285007,1.0108093988615887
3.2600000000000002,-1036.7002612379545,410.76113745658836,1.0696904621265322
3.27,-1032.4681238729563,406.47269684345906,1.0585226480298413
3.2800000000000002,-1026.1134583896328,423.10436169228063,1.101834275240314
3.29,-1018.2660443676248,373.8641494317946,0.9736045558119651
3.3000000000000003,-1014.6687020359271,351.8933809857218,0.9163890129836506
3.31,-1010.5838221044521,356.1402310347211,0.9274485183195863
3.3200000000000003,-1011.7599624731206,375.8418007564693,0.9787546894699721
3.33,-1009.904963318384,337.504251801917,0.8789173224008255
3.34,-1015.3322965106104,378.5385110773187,0.985777372597184
3.35,-1017.8285262221766,386.01010811733306,1.0052346565555548
3.36,-1018.355954460978,380.1951560540192,0.9900915522240084
3.37,-1021.3894207941161,395.56452922601966,1.0301159615260929
3.38,-1023.1864030889465,392.9316465503391,1.0232594962248414
3.39,-1022.5568026984619,356.7776833911513,0.9291085504977898
3.4,-1026.5545542646198,389.78801304178535,1.0150729506296494
3.41,-1027.1778566913758,389.11288726545274,1.0133148105871166
3.42,-1023.9439684773808,401.13946237570883,1.0446340166034085
3.43,-1016.2862530304133,428.9923277908848,1.1171675202887625
3.44,-1011.3996852440422,403.4100801036767,1.0505470836033248
3.45,-1006.7795833502048,402.4992761464792,1.048175198298123
3.46,-1005.7973947859625,383.4327475100738,0.9985227799741505
3.47,-1008.878780920181,386.63008422978487,1.0068491776817314
3.48,-1009.8712463146189,352.630897435503,0.9183096287382891
3.49,-1016.2858854467543,365.1047561391116,0.9507936357789365
3.5,-1017.4794874872082,388.2984231818232,1.0111938103693312
3.5100000000000002,-1012.040974592315,381.2539316108024,0.9928487802364646
3.52,-1008.4036949399192,376.42351868874437,0.9802695799186051
3.5300000000000002,-1009.3847420482219,405.4851299318219,1.055950859197453
3.54,-1008.6982666023932,387.87824483931155,1.010099595935707
3.5500000000000003,-1009.9577867643399,376.27180076133016,0.9798744811492973
3.56,-1009.2673458457559,391.5012202834542,1.0195344278214953
3.5700000000000003,-1006.862491938567,392.1218770920704,1.0211507215939333
3.58,-1003.9756562366023,394.86561997211584,1.0282958853440516
3.59,-1012.1220715211443,368.1570076908183,0.9587422075281727
3.6,-1015.9216761568807,367.72532012695683,0.9576180211639501
3.61,-1018.789099178909,379.6902104899945,0.988776589817694
3.62,-1022.4321029773263,378.7224942846426,0.9862564955329235
3.63,-1024.0927971351978,374.4576366316179,0.9751500953948383
3.64,-1025.44372458822,381.94701716329655,0.9946536905294181
3.65,-1024.6185025702955,394.28242634811744,1.0267771519482225
3.66,-1021.2182237050588,385.277253011785,1.00332617971819
3.67,-1019.2821394349945,362.14480672559773,0.9430854341812441
3.68,-1018.0996718445249,372.0638879367957,0.9689163748354055
3.69,-1018.6966574941457,376.84688978000327,0.9813721088020918
3.7,-1022.3576933333367,391.0911886787844,1.0184666371843345
3.71,-1023.5153575190888,392.0578072560535,1.0209838730626393
3.72,-1029.8411814938788,396.470209836549,1.0324745047826795
3.73,-1032.405185251211,393.6911934915777,1.0252374830509836
3.74,-1032.6163291689782,358.30681196200044,0.9330906561510428
3.75,-1035.2044228951163,402.5702458585031,1.0483600152565185
3.7600000000000002,-1032.407818377429,364.8035491253951,0.9500092425140497
3.77,-1028.9665778791837,393.3151515466899,1.0242582071528383
3.7800000000000002,-1028.2504039607124,393.60581987890646,1.0250151559346523
3.79,-1026.5145377113445,379.67667341587713,0.9887413370205134
3.8000000000000003,-1028.1142005293245,373.0273582523296,0.9714254121154416
3.81,-1022.3378355267621,391.8758406595342,1.020510001717537
3.8200000000000003,-1017.0035263520319,374.72138106881147,0.9758369298666966
3.83,-1015.3886253640644,352.74405344686903,0.9186043058512214
3.84,-1014.9266941650292,399.40524136185627,1.0401178160465008
3.85,-1014.4670335263038,382.7120871395699,0.9966460602592967
3.86,-1016.6917502441738,404.71327967713023,1.0539408324925266
3.87,-1024.256466770127,370.1207569525242,0.9638561378971984
3.88,-1025.625494487421,381.15666160530793,0.9925954729304894
3.89,-1023.432891098347,348.4064017422171,0.907308337870357
3.9,-1019.9404221239593,381.8268209670377,0.9943406796016606
3.91,-1019.3712580646655,371.50115473166295,0.9674509237803722
3.92,-1021.7895289322562,376.1609513693154,0.9795858108575922
3.93,-1025.6739093717613,369.2468353156163,0.9615803003010841
3.94,-1030.102673871573,365.2041326404779,0.9510524287512445
3.95,-1035.6880668564281,371.9044365660883,0.9685011368908549
3.96,-1038.87814689794,416.22681732477207,1.0839240034499273
3.97,-1037.3737611160793,382.3373481239691,0.9956701774061695
3.98,-1041.4307934115718,383.69396975797093,0.999203046244716
3.99,-1043.0198998011836,399.60919223822583,1.0406489381203798
4.0,-1044.6276005656805,387.50582852460644,1.0091297617828292
4.01,-1046.036481223902,353.33743126495096,0.9201495605858098
4.0200000000000005,-1046.947568501681,360.9073158607161,0.9398628017206149
4.03,-1048.8629941387176,407.0702253824193,1.0600787119333837
4.04,-1045.0198567265013,382.5633833156969,0.9962588107179607
4.05,-1045.9391155007847,383.8478838497173,0.9996038641919721
4.0600000000000005,-1048.750623798054,400.35713735152103,1.0425967118529194
4.07,-1046.6392284367198,388.6392296572516,1.012081327232426
4.08,-1045.5871661814529,379.7557420842537,0.9889472450110773
4.09,-1045.5557901767193,368.06376956784936,0.9584993999162744
4.1,-1046.2463634996343,333.5543049387595,0.8686310024446863
4.11,-1047.492820668867,368.96536727499836,0.9608473106119749
4.12,-1046.7985007373654,399.02851845411,1.0391367668075782
4.13,-1045.5844453214215,399.5286867214868,1.0404392883372051
4.14,-1044.5121890142623,356.2574453119129,0.9277537638331065
4.15,-1047.0758806156603,351.0049550585667,0.9140754037983507
4.16,-1047.9586772334271,358.4677555659872,0.9335097801197584
4.17,-1047.8248342399463,347.7176898806972,0.9055148173976489
4.18,-1046.7244735188824,392.61090845269445,1.022424240762225
4.19,-1048.1466052721833,398.80732419790127,1.0385607400987011
4.2,-1050.8337267103607,427.58697973316134,1.1135077597217744
4.21,-1050.2957191163068,396.84342229320384,1.033446412221885
4.22,-1045.7266065417598,390.62820039440413,1.017260938527094
4.23,-1042.1001010147163,377.2712457758777,0.9824772025413481
4.24,-1042.6732390068282,364.03792796522026,0.9480154374094277
4.25,-1039.2218134785608,389.4371356990469,1.0141592075496013
4.26,-1040.672236532995,385.25441478936494,1.0032667051806379
4.2700000000000005,-1039.7366070968487,399.09130904974586,1.039300283983713
4.28,-1038.6651930936428,382.1647194499328,0.9952206235675334
4.29,-1037.4470985397945,377.76265335266464,0.9837569097725641
4.3,-1038.429684279205,379.8514679643027,0.9891965311570382
4.3100000000000005,-1032.7524704761813,356.0334918929773,0.9271705518046284
4.32,-1031.3550398349012,365.5542361104367,0.9519641565375956
4.33,-1033.9718060392017,338.29981925162565,0.8809891126344418
4.34,-1034.8103853175883,362.39564910645737,0.9437386695480661
4.3500000000000005,-1037.051575781516,358.9845040962472,0.9348554794173104
4.36,-1036.3813319167616,366.4721148825524,0.9543544658399802
4.37,-1038.4508515351522,405.13590529008763,1.0550414200262699
4.38,-1037.30691230584,397.17235165466326,1.0343029991006856
4.39,-1038.3353781158514,387.34132864491187,1.008701376679458
4.4,-1037.4358346325314,345.39262030804235,0.8994599487188603
4.41,-1035.736597032946,388.7954981079199,1.012488276322708
4.42,-1036.1458065992515,413.23693720754756,1.0761378573113218
4.43,-1037.7152019711334,396.73461155686516,1.0331630509293364
4.44,-1037.5695988420002,361.7783817563674,0.9421312024905402
4.45,-1038.6525086071897,367.6348205185443,0.9573823451003758
4.46,-1038.808126709354,374.26124788917497,0.9746386663780598
4.47,-1037.7674637177756,379.56397702816196,0.9884478568441718
4.48,-1033.324452937604,394.27851689065795,1.0267669710694218
4.49,-1030.427519144415,376.7443097781246,0.9811049733805328
4.5,-1031.4391461792995,365.0386576842923,0.9506215043861778
4.51,-1029.0864553504782,387.97317843977635,1.0103468188535842
4.5200000000000005,-1026.6462584735602,374.4288550463299,0.9750751433498174
4.53,-1023.8356541064479,375.38279812526827,0.9775593701178861
4.54,-1019.9962126385834,378.9295730987643,0.9867957632780321
4.55,-1018.9032805076184,380.07442789032746,0.9897771559643944
4.5600000000000005,-1015.0831511781041,348.2800989765653,0.9069794244181387
4.57,-1017.1446463174401,356.96159543057877,0.9295874881004655
4.58,-1018.0931419342985,371.08583790602495,0.96636936954694
4.59,-1014.9913244199,358.1242912283684,0.9326153417405427
4.6000000000000005,-1014.8783451812485,369.58505482091056,0.9624610802627879
4.61,-1011.9698188862739,379.06475872240236,0.9871478091729228
4.62,-1015.8268615457423,379.0436389045758,0.9870928096473328
4.63,-1019.0137137084895,361.0766102640603,0.9403036725626571
4.64,-1021.2876582751994,367.5994205847832,0.957290157772873
4.65,-1025.7271327696992,393.65305087068975,1.025138153309088
4.66,-1029.698651534178,392.15622711903075,1.0212401747891426
4.67,-1031.6851816204296,392.091821228959,1.0210724511170808
4.68,-1031.008817850446,421.31594265054184,1.097176933985786
4.69,-1026.3406046147918,387.5497548983468,1.0092441533811114
4.7,-1025.6139747014777,379.56311687306334,0.9884456168569358
4.71,-1023.9191558802875,374.5670821913311,0.9754351098732581
4.72,-1021.7628601683671,401.60253460203603,1.0458399338594688
4.73,-1022.5177869378927,406.6973371955702,1.0591076489467974
4.74,-1021.7538925305926,399.7826111202106,1.0411005497922152
4.75,-1017.4957975600636,392.3169840568092,1.0216588126479407
4.76,-1016.2766233004106,349.9779550659481,0.9114009246509065
4.7700000000000005,-1014.3177170211638,370.62404283747156,0.9651667782225822
4.78,-1012.9194192861393,390.18081412864774,1.016095870126687
4.79,-1013.1323246428321,403.7874946184588,1.0515299339022366
4.8,-1013.9694864661695,378.78033599593095,0.9864071249894035
4.8100000000000005,-1016.3724194863577,400.37673645039473,1.0426477511729029
4.82,-1015.4817144153232,406.6853732893936,1.0590764929411292
4.83,-1010.4367397493501,380.57135476506767,0.9910712363673637
4.84,-1011.8770992372146,385.404897356793,1.0036585868666485
4.8500000000000005,-1012.6868788067171,413.1644055589191,1.0759489728096852
4.86,-1012.9003466678623,406.46901629908143,1.058513063278858
4.87,-1009.486183072887,383.8106783782506,0.9995069749433609
4.88,-1011.0975281157164,383.8764521514063,0.9996782608109539
4.89,-1012.6747913250352,390.49704230634944,1.0169193810061183
4.9,-1017.9990232518924,379.94380232560053,0.989436985222918
4.91,-1025.8290045037793,388.0121915075516,1.010448415384249
4.92,-1023.0352941440161,380.77240633927613,0.9915948081751983
4.93,-1020.2656812588965,390.8551306040146,1.0178519026146213
4.94,-1017.763611454133,372.22281035442313,0.9693302352979769
4.95,-1015.215906399964,391.7596212594022,1.0202073470296933
4.96,-1019.0033098501564,395.9339166782306,1.0310779080162256
4.97,-1022.0155302415791,394.14312480127023,1.0264143875033078
4.98,-1021.9375359005599,364.5216788514891,0.9492752053424196
4.99,-1022.0433591389536,384.2414847248847,1.0006288664710539
5.0,-1025.7084991168576,377.3619833470805,0.9827134982996889
5.01,-1026.9000428032032,386.16062853780664,1.0056266368172049
5.0200000000000005,-1024.7968498623036,394.6065051607503,1.0276211071894539
5.03,-1025.3968294621193,408.05792431818963,1.062650844578619
5.04,-1028.0822793560985,392.6239116508322,1.0224581032573756
5.05,-1025.0645979826345,384.3375254836002,1.000878972613542
5.0600000000000005,-1018.6266375642718,389.9853540918953,1.0155868596143107
5.07,-1015.380664769452,379.5043487029678,0.9882925747473119
5.08,-1021.3374660297383,371.56395153519185,0.9676144571228954
5.09,-1026.4012262661022,372.8883893727101,0.9710635139914325
5.1000000000000005,-1027.7847538680437,378.9695569211477,0.9868998878154889
5.11,-1026.4666783121447,368.85931187097503,0.9605711246639975
5.12,-1024.6038698134655,374.83934401863985,0.9761441250485413
5.13,-1018.3801179319512,324.9312495235741,0.8461751289676408
5.14,-1017.5157571238789,362.3777722661804,0.9436921152765114
5.15,-1022.9230678588469,351.4784599927944,0.9153084895645688
5.16,-1024.1365175690262,350.9644142020371,0.9139698286511383
5.17,-1024.5805377431075,393.9423006813326,1.0258914080243036
5.18,-1026.3295230073986,372.44046955979775,0.9698970561453066
5.19,-1028.3546195212157,385.8395726291004,1.0047905537216157
5.2,-1028.8735030486273,418.77003218869083,1.0905469588247156
5.21,-1027.9890339660924,407.7972051889003,1.0619718885127611
5.22,-1026.9011028504278,395.6814848344037,1.0304205334229264
5.23,-1025.242412322087,367.70472806934276,0.9575643960139134
5.24,-1024.395588998493,360.6554879531585,0.9392069998780169
5.25,-1027.4136603214693,330.32261019212433,0.8602151307086571
5.26,-1029.0834863507189,351.9477352257817,0.9165305604838064
5.2700000000000005,-1030.8691772733325,366.12621845100284,0.9534536938828199
5.28,-1031.727275820293,366.860463300427,0.955365789844862
5.29,-1029.205745256165,385.12318415076254,1.0029249587259441
5.3,-1027.4227992668111,372.15460541705136,0.9691526182735712
5.3100000000000005,-1025.9121688268772,376.87824517890726,0.9814537634867376
5.32,-1027.9903686688585,415.16421680614656,1.08115681459934
5.33,-1028.7570292709254,372.6208233751594,0.9703667275394775
5.34,-1029.56211700995,369.68799967055713,0.9627291658087426
5.3500000000000005,-1029.2246771439375,328.7953671033096,0.8562379351648688
5.36,-1027.1512948009859,352.0279132534382,0.9167393574308287
5.37,-1026.8408213095568,387.4321802807728,1.008937969481179
5.38,-1022.3056603962807,371.34705068491724,0.9670496111586386
5.39,-1021.4943811183031,354.0440969297299,0.921989835754505
5.4,-1018.2062136112497,361.9038986721481,0.942458069458719
5.41,-1013.5912834512135,403.7890971086468,1.0515341070537676
5.42,-1013.2626344089772,379.3856820641939,0.9879835470421715
5.43,-1018.2235641179298,366.020756585414,0.9531790536078489
5.44,-1022.9193980035078,364.6793530334088,0.9496858151911688
5.45,-1021.1101785173364,404.15347692481134,1.0524830128250295
5.46,-1014.2496187032037,393.70126519861077,1.0252637114547156
5.47,-1008.3367890409404,414.04686451142356,1.078247042998499
5.48,-1004.8795221697708,411.57095195797825,1.071799354057235
5.49,-1006.8430932121929,412.0253553125799,1.07298269612651
5.5,-1005.7675997312721,405.91313906946584,1.057065466326734
5.51,-1001.6461699947948,396.6865372871562,1.033037857518636
5.5200000000000005,-999.3017722783479,377.2697648576225,0.9824733459833919
5.53,-996.9989941312931,385.24183373789447,1.0032339420257668
5.54,-995.7781861010429,383.18127567319675,0.9978679053989499
5.55,-992.3489318919881,389.2566338103694,1.013689150547837
5.5600000000000005,-991.865230036571,390.3835023795457,1.0166237041134003
5.57,-993.5049357905837,390.893140713305,1.0179508872742318
5.58,-996.0607121361934,397.15804520018287,1.0342657427088096
5.59,-996.955742307954,371.39657675634845,0.9671785853029907
5.6000000000000005,-1001.8390494517975,367.7526901902265,0.9576892973703814
5.61,-1002.3354968812853,377.3102555245597,0.9825787904285409
5.62,-1002.884979249837,371.98985402149924,0.9687235781809876
5.63,-1004.406260846197,426.26748753493644,1.1100715821222302
5.64,-1004.9637814960782,398.6546937686056,1.0381632650224104
5.65,-1002.6984659537031,365.4709613136659,0.9517472950876716
5.66,-1003.1518143272915,368.9718844337574,0.9608642823795766
5.67,-1006.595756824368,362.79587966177303,0.9447809366192006
5.68,-1013.0486125832788,394.6100492822618,1.0276303366725568
5.69,-1018.8789509417213,388.24946038792245,1.011066303093548
5.7,-1021.2027264895775,371.1113825472318,0.9664358920500828
5.71,-1019.313570602073,394.4022519993862,1.0270891979150683
5.72,-1020.2969114935213,368.6975645034347,0.9601499075610279
5.73,-1018.885110661161,404.86790498002176,1.05434350255214
5.74,-1014.6710553787939,400.6131082888886,1.0432633028356475
5.75,-1012.3396743442775,376.6152661796653,0.9807689223428784
5.76,-1006.1110975254999,326.56014290531925,0.8504170388159356
5.7700000000000005,-1008.2834932334486,385.72362394562595,1.0044886040250676
5.78,-1007.5004934830536,426.4496238334302,1.110545895399558
5.79,-1007.4412580086245,398.2650281110808,1.0371485107059397
5.8,-1007.168029044954,385.6327927894644,1.004252064555897
5.8100000000000005,-1006.1844859019957,385.69455803814867,1.0044129115576788
5.82,-1006.2240538688833,369.42483786395877,0.9620438486040593
5.83,-1007.5889937907045,366.0942087645834,0.9533703353244359
5.84,-1008.6409054638134,370.6005892362305,0.965105701136017
5.8500000000000005,-1008.1908155107961,379.79634341696385,0.9890529776483433
5.86,-1009.5209396068092,382.70505271600877,0.9966277414479395
5.87,-1010.1595815079182,342.7756019478496,0.8926447967391917
5.88,-1012.4304792872404,369.6279997981728,0.9625729161410751
5.89,-1011.8810726834151,358.03103003337094,0.9323724740452368
5.9,-1012.625895965445,383.18197146645264,0.9978697173605537
5.91,-1010.4471173527747,363.6520897568694,0.947010650408514
5.92,-1010.9983520950575,382.00232506431274,0.9947977215216478
5.93,-1009.7104528000832,367.6645015016585,0.9574596393272357
5.94,-1007.871481354312,382.11746723342617,0.9950975709203806
5.95,-1005.2462534809065,364.16668227259004,0.9483507350848699
5.96,-1004.7380880674278,393.8190067239323,1.0255703300102403
5.97,-1006.0287249531247,377.82561807081504,0.9839208803927475
5.98,-1002.243964515369,369.5948235488251,0.9624865196583987
5.99,-999.0810379297533,397.48881842120613,1.0351271313052244
